"TimeUtc","Id","PrivateBytes","WorkingSetBytes","Threads","Handles","CpuSeconds"
"2026-10-04T11:23:31.5809773Z","1568","2113536","13611008","4","166","0.171875"
"2026-10-04T11:23:32.6291286Z","1568","2084864","13611008","4","166","0.171875"
"2026-10-04T11:23:33.6445527Z","1568","2084864","13611008","4","166","0.171875"
"2026-10-04T11:23:34.6617077Z","1568","2084864","13611008","4","166","0.171875"
"2026-10-04T11:23:35.6775012Z","1568","2084864","13611008","4","166","0.171875"
"2026-10-04T11:23:36.6919635Z","1568","2084864","13611008","4","166","0.171875"
"2026-10-04T11:23:37.7100936Z","1568","2084864","13611008","4","166","0.171875"
"2026-10-04T11:23:38.7203164Z","1568","2084864","13611008","4","166","0.171875"
"2026-10-04T11:23:39.7401926Z","1568","2084864","13611008","4","166","0.171875"
"2026-10-04T11:23:40.7500890Z","1568","2084864","13611008","4","166","0.171875"
"2026-10-04T11:23:41.7620029Z","1568","2084864","13611008","4","166","0.171875"
"2026-10-04T11:23:42.7755817Z","1568","2084864","13611008","4","166","0.171875"
"2026-10-04T11:23:43.7904102Z","1568","2084864","13611008","4","166","0.171875"
"2026-10-04T11:23:44.7967149Z","1568","2084864","13611008","4","166","0.171875"
"2026-10-04T11:23:45.8115063Z","1568","2084864","13611008","4","166","0.171875"
"2026-10-04T11:23:46.8289612Z","1568","2084864","13611008","4","166","0.171875"
"2026-10-04T11:23:47.8456159Z","1568","2084864","13611008","4","166","0.171875"
"2026-10-04T11:23:48.8592070Z","1568","2084864","13611008","4","166","0.171875"
"2026-10-04T11:23:49.8753602Z","1568","2084864","13611008","4","166","0.171875"
"2026-10-04T11:23:50.8915403Z","1568","2084864","13611008","4","166","0.171875"
"2026-10-04T11:23:51.9092684Z","1568","2084864","13611008","4","166","0.171875"
"2026-10-04T11:23:52.9193285Z","1568","2084864","13611008","4","166","0.171875"
"2026-10-04T11:23:53.9358484Z","1568","2084864","13611008","4","166","0.171875"
"2026-10-04T11:23:54.9486331Z","1568","2084864","13611008","4","166","0.171875"
"2026-10-04T11:23:55.9584216Z","1568","2084864","13611008","4","166","0.171875"
"2026-10-04T11:23:56.9707565Z","1568","2084864","13611008","4","166","0.171875"
"2026-10-04T11:23:57.9872288Z","1568","2080768","13615104","4","167","0.171875"
"2026-10-04T11:23:59.0021323Z","1568","2080768","13615104","4","167","0.171875"
"2026-10-04T11:24:00.0118325Z","1568","2080768","13615104","4","167","0.171875"
"2026-10-04T11:24:01.0233084Z","1568","2080768","13615104","4","167","0.171875"
